City,Cloudiness,Country,Date,Humidity,Lat,Lng,Max Temp,Wind Speed
Talara,35,PE,1573180153,89,-4.58,-81.27,66.0,19.8
Butaritari,30,KI,1573180163,67,3.07,172.79,84.27,6.17
Rikitea,93,PF,1573180173,85,-23.12,-134.97,74.07,13.06
Busselton,0,AU,1573180184,52,-33.64,115.35,70.32,8.95
Ushuaia,75,AR,1573180194,96,-54.81,-68.31,35.6,24.16
Shelburne,90,CA,1573179966,92,44.08,-80.2,30.2,3.36
Acapulco,5,MX,1573180234,79,16.86,-99.88,84.2,6.93
Mataura,37,NZ,1573180244,39,-46.19,168.86,68.45,11.21
Lompoc,1,US,1573180254,82,34.64,-120.46,57.2,4.7
Punta Arenas,40,CL,1573180264,80,-53.16,-70.91,39.2,17.22
Saint George,90,GR,1573180274,93,39.45,22.34,57.2,11.41
Quatre Cocos,40,MU,1573180284,78,-20.21,57.76,75.2,12.75
Port Hardy,75,CA,1573180204,81,50.7,-127.42,50.0,9.17
Margate,75,AU,1573180304,66,-43.03,147.26,48.2,21.92
Mar del Plata,0,AR,1573180314,33,-46.43,-67.52,51.98,25.19
Huarmey,71,PE,1573180324,82,-10.07,-78.15,61.29,1.48
Yenagoa,100,NG,1573180334,95,4.92,6.26,75.87,2.89
Hofn,99,IS,1573180227,70,64.25,-15.21,39.24,6.35
Bluff,0,AU,1573180198,11,-23.58,149.07,96.24,11.68
Hermanus,5,ZA,1573180365,81,-34.42,19.24,59.38,11.3
Uray,46,RU,1573180375,81,60.13,64.8,15.15,10.63
Albany,90,US,1573180212,86,42.65,-73.75,37.4,6.93
San Patricio,0,PY,1573180395,96,-26.98,-56.83,70.59,4.03
Barrow,2,AR,1573180405,91,-38.31,-60.23,43.27,6.91
Kavieng,91,PG,1573180415,72,-2.57,150.8,84.25,10.69
Carnarvon,23,ZA,1573180425,75,-30.97,22.13,46.31,15.48
Vaini,20,IN,1573180409,88,15.34,74.49,71.6,1.79
Cape Town,8,ZA,1573180445,76,-33.93,18.42,57.2,9.17
Jamestown,57,AU,1573180455,36,-33.21,138.6,58.96,22.77
Kruisfontein,92,ZA,1573180465,86,-34.0,24.73,56.97,12.44
Clyde River,90,CA,1573180430,92,70.47,-68.59,21.2,13.87
Waddan,0,LY,1573180496,72,29.16,16.14,60.26,2.84
Wanning,75,AT,1573180506,100,48.64,13.53,39.2,5.82
Tabas,0,IR,1573180516,19,33.6,56.92,46.4,4.7
Mugumu,73,TZ,1573180526,79,-1.84,34.67,63.75,3.67
Lagoa,0,PT,1573180536,76,37.14,-8.45,55.4,8.05
Paamiut,100,GL,1573180546,58,61.99,-49.67,39.47,16.91
Lazaro Cardenas,90,MX,1573180556,82,28.39,-105.62,62.6,6.93
Santa Maria,20,BR,1573180566,83,-16.02,-48.01,71.6,3.36
Torbay,75,CA,1573180586,74,47.66,-52.73,35.6,11.41
Castro,97,CL,1573180410,94,-42.48,-73.76,35.65,2.89
Buala,97,SB,1573180606,73,-8.15,159.59,82.98,3.2
Richards Bay,100,ZA,1573180616,83,-28.77,32.06,68.85,22.24
Victoria,75,BN,1573180626,79,5.28,115.24,84.2,3.36
Kapaa,75,US,1573180425,61,22.08,-159.32,82.4,12.75
Northam,0,AU,1573180657,27,-31.65,116.67,77.0,13.87
Bainbridge,90,US,1573180427,88,30.9,-84.58,69.8,3.24
Ouesso,71,CG,1573180677,94,1.61,16.05,68.97,0.51
Wilmington Island,90,US,1573180687,100,32.0,-80.97,68.0,2.42
Young,0,UY,1573180697,81,-32.7,-57.63,62.13,3.58
Ribeira Grande,80,PT,1573180707,82,38.52,-28.7,62.08,5.23
Maposeni,20,TZ,1573180717,88,-10.58,35.4,68.0,9.17
Tarakan,75,ID,1573180489,83,3.3,117.63,80.6,8.05
Teluknaga,20,ID,1573180737,62,-6.1,106.64,86.0,4.7
Makakilo City,75,US,1573180747,73,21.35,-158.09,82.4,8.05
Namibe,95,AO,1573180757,85,-15.19,12.15,74.12,8.59
Taoudenni,37,ML,1573180767,25,22.68,-3.98,65.95,2.42
Hithadhoo,0,MV,1573180778,70,-0.6,73.08,82.29,7.47
Kaitangata,62,NZ,1573180788,73,-46.28,169.85,56.43,18.48
Biak,47,ID,1573180798,70,-0.91,122.88,81.64,5.88
Khatanga,0,RU,1573180808,86,71.98,102.47,-12.3,10.98
Pevek,100,RU,1573180818,61,69.7,170.27,24.57,14.99
San Cristobal,12,HN,1573180828,96,14.68,-86.92,65.25,1.23
Kaolack,31,SN,1573180838,34,14.14,-16.08,75.31,5.3
Upernavik,0,GL,1573180858,66,72.79,-56.15,8.51,5.1
Semey,75,KZ,1573180868,64,50.41,80.25,37.4,17.9
Isangel,75,VU,1573180878,69,-19.55,169.27,80.6,9.17
Vila Velha,75,BR,1573180836,74,-3.71,-38.6,80.6,13.87
Kahului,40,US,1573180898,69,20.89,-156.47,82.4,14.99
Bredasdorp,14,ZA,1573180908,92,-34.53,20.04,51.94,3.24
East London,11,ZA,1573180918,61,-33.02,27.91,63.73,17.09
Atuona,0,PF,1573180939,79,-9.8,-139.03,80.44,13.82
Port Alfred,82,ZA,1573180802,73,-33.59,26.89,60.3,18.57
Gaozhou,9,CN,1573180959,40,21.91,110.85,76.8,3.58
Tasiilaq,100,GL,1573180819,78,65.61,-37.64,32.0,32.21
Jermuk,0,AM,1573180979,22,39.84,45.67,30.63,2.82
Kansanshi,100,ZM,1573180989,87,-12.1,26.43,59.88,2.06
Pasni,0,PK,1573180999,14,25.26,63.48,67.82,14.56
Esso,100,RU,1573181009,92,55.93,158.7,21.49,14.5
Husavik,0,CA,1573181019,79,50.56,-96.99,13.51,10.25
Uige,100,AO,1573181029,95,-7.61,15.06,65.86,1.39
Ostrovnoy,100,RU,1573181039,94,68.05,39.51,16.18,6.02
Dongning,32,CN,1573181059,30,44.06,131.12,38.3,20.04
Yulara,0,AU,1573180870,13,-25.24,130.99,89.6,11.41
Carberry,40,CA,1573181079,78,49.87,-99.36,12.2,6.93
Vallenar,0,CL,1573181086,82,-28.58,-70.76,54.37,1.92
Langxiang,32,CN,1573181100,47,46.95,128.87,24.33,10.87
Ancud,100,CL,1573181110,81,-41.87,-73.83,43.72,2.37
Arraial do Cabo,100,BR,1573181120,91,-22.97,-42.02,72.77,14.34
Sao Filipe,100,CV,1573181130,81,14.9,-24.5,74.32,16.2
Georgetown,40,GY,1573181140,83,6.8,-58.16,80.6,4.7
Bilma,0,NE,1573181150,22,18.69,12.92,70.02,1.14
Port Lincoln,75,AU,1573181160,49,-34.72,135.86,58.17,19.22
Nikolskoye,75,RU,1573181180,92,59.7,30.79,24.8,8.95
Oussouye,0,SN,1573181190,61,12.49,-16.54,76.17,4.83
Ishii,75,JP,1573181200,51,34.09,134.42,60.8,14.99
Christchurch,67,NZ,1573181060,34,-43.53,172.64,78.8,20.8
Avarua,100,CK,1573180992,78,-21.21,-159.78,75.2,8.05
Saldanha,20,PT,1573181230,91,41.42,-6.55,37.87,9.26
Okhotsk,100,RU,1573181240,91,59.36,143.24,31.89,8.12
Bom Jesus da Lapa,7,BR,1573181250,44,-13.25,-43.41,74.52,1.12
Puerto Ayora,20,EC,1573181261,83,-0.74,-90.35,71.6,11.41
Chokurdakh,86,RU,1573180984,98,70.62,147.9,-5.08,8.37
Port Elizabeth,90,US,1573181270,87,39.31,-74.98,53.6,8.05
Fereydun Kenar,0,IR,1573181291,93,36.69,52.52,51.8,1.57
Karasburg,83,NA,1573181301,37,-28.01,18.75,53.67,5.86
Swan River,78,CA,1573181311,83,52.11,-101.27,6.3,5.1
Yellowknife,90,CA,1573181331,78,62.45,-114.38,14.0,9.17
Tuktoyaktuk,90,CA,1573181288,78,69.44,-133.03,12.2,18.34
Horsham,23,AU,1573181351,38,-36.71,142.2,61.05,17.58
Dikson,75,RU,1573181371,97,73.51,80.55,-9.15,12.95
Singarayakonda,100,IN,1573181381,67,15.25,80.02,81.27,4.05
Beringovskiy,52,RU,1573181391,91,63.05,179.32,28.89,13.56
Esperance,90,AU,1573181401,77,-33.86,121.89,60.8,9.17
Tiksi,94,RU,1573181411,96,71.64,128.87,-5.68,5.68
Miraflores,0,PE,1573181422,28,-16.39,-71.52,59.0,3.36
Santa Isabel do Rio Negro,96,BR,1573181432,85,-0.41,-65.02,76.37,0.83
Longyearbyen,96,NO,1573181442,72,78.22,15.63,14.0,9.17
Oranjestad,20,AW,1573181354,74,12.52,-70.03,84.2,17.22
Gamba,47,CN,1573181462,48,28.28,88.52,29.12,3.27
Puerto Colombia,40,CO,1573181472,83,10.99,-74.96,82.4,11.41
Olyka,11,UA,1573181482,97,50.73,25.81,42.35,3.44
General Cepeda,40,MX,1573181492,56,25.38,-101.48,69.8,6.93
Luderitz,51,NA,1573181502,71,-26.65,15.16,57.2,11.41
Coihaique,100,CL,1573181512,60,-45.58,-72.07,42.8,2.24
Zhigansk,69,RU,1573181522,96,66.77,123.37,-19.5,5.48
Broome,0,GB,1573181532,93,52.47,1.45,35.6,5.82
Yukamenskoye,86,RU,1573181552,70,57.89,52.24,19.78,10.04
Lebu,38,ET,1573181304,68,8.96,38.73,50.25,1.95
Pinega,84,RU,1573181583,93,64.7,43.39,13.77,3.4
Bethel,90,US,1573181593,92,60.79,-161.76,30.2,16.11
Tual,93,ID,1573181603,74,-5.67,132.75,82.65,3.22
Benghazi,1,LY,1573181613,67,32.12,20.07,70.52,10.83
Champerico,40,MX,1573181623,73,16.38,-93.6,77.0,8.05
Thinadhoo,93,MV,1573181468,73,0.53,72.93,82.26,11.48
New Norfolk,75,AU,1573181643,70,-42.78,147.06,48.2,10.29
Bongandanga,47,CD,1573181663,96,1.51,21.07,69.15,2.24
Tuatapere,19,NZ,1573181673,82,-46.13,167.69,52.56,6.78
Cap Malheureux,40,MU,1573181683,78,-19.98,57.61,75.2,12.75
Bathsheba,40,BB,1573181693,83,13.22,-59.52,78.8,21.92
Avera,90,US,1573181703,100,33.19,-82.53,68.0,5.82
Saint-Augustin,90,CA,1573181713,68,45.63,-73.98,30.2,12.75
Crotone,0,IT,1573181724,72,39.09,17.12,58.82,3.4
Tura,100,RU,1573181734,94,64.27,100.22,5.43,4.56
Butka,99,RU,1573181744,85,56.72,63.78,33.06,16.91
Dunedin,100,NZ,1573181754,48,-45.87,170.5,63.66,11.45
Petatlan,40,MX,1573181764,79,17.52,-101.27,84.2,4.7
Kariba,18,ZW,1573181774,43,-16.53,28.78,75.36,3.78
Tautira,75,PF,1573181784,70,-17.73,-149.15,84.2,13.87
Iqaluit,75,CA,1573181794,78,63.75,-68.52,15.8,12.75
Manakara,49,MG,1573181804,86,-22.14,48.01,68.88,4.76
Qaqortoq,100,GL,1573181814,28,60.72,-46.03,44.6,16.11
Osakarovka,100,KZ,1573181824,57,50.56,72.58,30.38,21.9
Saint-Pierre,39,FR,1573181811,93,48.95,4.24,37.4,5.82
Faanui,4,PF,1573181854,81,-16.48,-151.75,80.46,19.86
Xapuri,100,BR,1573181864,96,-10.65,-68.5,72.57,2.28
Cabo San Lucas,90,MX,1573181634,78,22.89,-109.91,78.8,2.53
Mahebourg,40,MU,1573181884,78,-20.41,57.7,75.2,12.75
Hammerfest,0,NO,1573181895,72,70.66,23.68,17.6,6.93
La Romana,40,DO,1573181905,94,18.43,-68.97,82.4,5.79
Cherskiy,100,RU,1573181878,75,68.75,161.3,20.12,8.1
Port Blair,99,IN,1573181935,80,11.67,92.75,82.45,14.12
Qaanaaq,0,GL,1573181945,67,77.48,-69.36,-2.42,7.27
Jiexiu,0,CN,1573181955,53,37.02,111.92,52.39,4.12
Hobart,75,AU,1573181697,70,-42.88,147.33,48.2,10.29
La Ronge,75,CA,1573181975,67,55.1,-105.3,19.4,11.41
Saint-Philippe,90,CA,1573181985,68,45.36,-73.48,32.0,12.75
Senador Pompeu,21,BR,1573181995,83,-5.58,-39.37,73.56,3.36
Lucapa,99,AO,1573182005,98,-8.42,20.74,65.73,3.31
Ulladulla,40,AU,1573182015,23,-35.36,150.48,77.0,31.09
Ayagoz,98,KZ,1573182026,93,47.96,80.43,28.87,17.92
Marsa Matruh,0,EG,1573181770,87,31.35,27.25,60.8,4.09
Hilo,40,US,1573182056,65,19.71,-155.08,82.4,5.82
Seoul,1,KR,1573181820,31,37.57,126.98,50.0,3.36
Nyurba,0,RU,1573182076,87,63.29,118.35,-4.31,3.44
Ghanzi,91,BW,1573182086,45,-21.7,21.65,72.23,6.17
Hervey Bay,0,AU,1573182096,35,-25.3,152.85,89.6,19.46
Luganville,40,VU,1573182038,70,-15.51,167.18,84.2,9.17
Fairmont,1,US,1573182126,67,40.64,-97.59,28.4,6.93
Fenoarivo,20,MG,1573182136,82,-18.93,47.44,57.2,4.7
Provideniya,5,RU,1573182146,83,64.42,-173.23,32.0,15.66
Moose Factory,1,CA,1573182156,77,51.26,-80.61,6.8,3.36
Pontes e Lacerda,100,BR,1573182166,97,-15.23,-59.33,72.48,4.43
Santa Cruz de Tenerife,90,ES,1573182001,87,28.47,-16.25,69.8,8.05
Namanyere,99,TZ,1573182207,77,-7.51,31.05,64.4,9.42
Lasa,0,CY,1573181997,49,34.92,32.53,68.0,8.05
Aberdeen,1,US,1573182097,66,46.98,-123.82,51.8,5.82
Jogindarnagar,89,IN,1573182237,80,31.98,76.77,43.65,5.99
Mount Gambier,40,AU,1573182247,54,-37.83,140.78,55.4,18.34
Guerrero Negro,100,MX,1573182257,77,27.97,-114.04,67.33,5.93
Narsaq,100,GL,1573182029,28,60.91,-46.05,44.6,16.11
Tilichiki,100,RU,1573182287,71,60.47,166.1,23.83,6.82
Elizabeth City,90,US,1573182297,93,36.3,-76.22,66.2,3.36
Cockburn Town,0,TC,1573182058,78,21.46,-71.14,82.53,17.69
Cahul,100,MD,1573182327,78,45.91,28.19,53.89,3.11
Saskylakh,0,RU,1573182348,98,71.97,114.09,-24.83,5.91
Salalah,70,OM,1573182368,50,17.01,54.1,75.2,4.7
Wajima,40,JP,1573182378,50,37.4,136.9,51.8,4.7
Ilulissat,100,GL,1573182388,57,69.22,-51.1,32.0,14.99
Berlevag,100,NO,1573182398,89,70.86,29.09,31.53,13.0
Dubti,0,ET,1573182408,42,11.74,41.09,75.11,4.41
Talnakh,100,RU,1573182428,75,69.49,88.39,-14.81,20.13
Kumluca,0,TR,1573182438,37,36.37,30.29,62.04,5.3
Beyneu,0,KZ,1573182448,58,45.32,55.19,40.01,8.95
Shadegan,75,IR,1573182458,88,30.65,48.67,66.2,4.83
Gushikawa,75,JP,1573182468,54,26.35,127.87,78.8,20.8
Buraydah,64,SA,1573182478,52,26.33,43.97,66.2,3.36
Ahipara,69,NZ,1573182489,92,-35.17,173.16,64.35,13.35
Chara,75,GR,1573182499,100,39.42,22.43,55.4,5.82
Geraldton,90,CA,1573182509,72,49.72,-86.95,12.2,6.93
Vardo,75,US,1573182519,75,39.62,-77.74,46.4,12.75
Hami,78,CN,1573182529,40,42.84,93.51,45.81,8.01
Anuradhapura,16,LK,1573182539,82,8.34,80.41,79.95,7.14
Kodiak,1,US,1573182549,45,39.95,-94.76,26.6,3.36
Gladstone,0,AU,1573182559,27,-23.84,151.26,91.4,17.22
Pisco,0,PE,1573182569,77,-13.71,-76.2,64.4,13.87
Ulaangom,100,MN,1573182589,70,49.98,92.07,36.19,2.08
Hasaki,20,JP,1573182599,51,35.73,140.83,62.6,10.29
Norman Wells,90,CA,1573182609,78,65.28,-126.83,12.2,11.41
Forssa,20,FI,1573182619,92,60.82,23.63,26.6,6.93
Colesberg,0,ZA,1573182629,85,-30.72,25.1,44.74,9.55
Silvino Lobos,0,PH,1573182639,54,12.33,124.85,90.19,4.45
Klisura,20,BG,1573182650,93,42.69,24.45,51.8,6.93
Katsuura,75,JP,1573182670,51,33.93,134.5,60.8,14.99
Rehoboth,24,NA,1573182680,20,-23.31,17.08,65.88,10.29
Vestmanna,0,FO,1573182690,79,62.16,-7.17,28.4,4.7
Grindavik,90,IS,1573182700,74,63.84,-22.43,37.4,23.04
Santiago,94,PH,1573182465,87,16.69,121.54,79.39,3.22
Vasilevo,100,BG,1573182720,93,43.61,28.18,57.2,1.12
Ust-Kuyga,100,RU,1573182730,98,70.0,135.55,-5.66,5.23
Polson,1,US,1573182740,73,47.69,-114.16,26.6,2.51
Muros,75,ES,1573182750,93,42.77,-9.06,41.0,6.93
Ambon,90,FR,1573182770,100,47.55,-2.56,41.0,10.29
Harlingen,5,NL,1573182780,93,53.18,5.41,50.0,9.17
Codrington,0,AU,1573182790,7,-28.95,153.24,100.4,19.46
Pasighat,100,IN,1573182800,54,28.06,95.33,74.17,2.44
Denpasar,20,ID,1573182811,70,-8.65,115.22,86.0,6.93
Cankuzo,84,BI,1573182821,94,-3.22,30.55,58.21,1.39
Nantucket,90,US,1573182831,87,41.28,-70.1,57.2,9.17
Tapes,3,BR,1573182841,97,-30.67,-51.4,61.56,1.28
Severo-Kurilsk,76,RU,1573182851,77,50.68,156.12,33.51,23.17
Xunchang,100,CN,1573182861,77,28.45,104.71,60.49,1.28
Dehloran,0,IR,1573182871,32,32.69,47.27,67.55,2.57
Taitung,40,TW,1573182881,57,22.76,121.15,78.8,8.05
Prieska,36,ZA,1573182891,51,-29.67,22.74,52.41,10.09
Sola,60,TZ,1573182902,76,-3.17,33.8,68.09,6.33
San Clemente,75,US,1573182912,87,33.43,-117.61,69.8,0.25
Klaksvik,80,FO,1573182922,79,62.23,-6.59,28.4,4.7
Semiletka,100,RU,1573182932,74,55.36,54.62,31.75,10.47
Meulaboh,100,ID,1573182942,74,4.14,96.13,79.81,2.95
Itaguai,90,BR,1573182953,83,-22.85,-43.78,75.2,6.93
Jurm,100,AF,1573182973,61,36.86,70.83,28.9,0.67
Dhidhdhoo,0,MV,1573182983,75,6.88,73.1,82.29,9.31
Guarapari,75,BR,1573182993,88,-20.67,-40.5,77.0,2.24
Tecoanapa,40,MX,1573183003,83,16.99,-99.26,84.2,6.93
Daru,100,PG,1573183013,62,-9.07,143.21,87.39,9.24
San Roque Dau,75,PH,1573183023,62,14.98,120.57,87.8,9.17
Newport,100,GB,1573183033,100,51.59,-3.0,41.0,3.36
Soyo,100,AO,1573182981,85,-6.13,12.37,78.58,3.13
Flinders,40,AU,1573183063,23,-34.58,150.85,77.0,31.09
Vodstroy,93,RU,1573183073,62,48.84,44.56,53.6,6.71
Aklavik,90,CA,1573183083,85,68.22,-135.01,14.0,12.75
Kolondieba,1,ML,1573183093,65,11.09,-6.89,76.32,1.99
Tadine,14,NC,1573183103,54,-21.55,167.88,78.44,7.05
Puerto Escondido,40,MX,1573183017,74,15.86,-97.07,80.6,4.7
Kulhudhuffushi,85,MV,1573183124,75,6.62,73.07,82.33,8.16
Port Hueneme,1,US,1573183134,82,34.15,-119.2,71.6,12.01
Kutum,0,SD,1573183144,23,14.2,24.66,65.16,3.62
Hamilton,90,CA,1573183065,80,43.26,-79.87,33.8,8.05
Nouadhibou,99,MR,1573183194,88,20.93,-17.03,64.4,14.99
Pacific Grove,90,US,1573183011,71,36.62,-121.92,57.2,3.85
Haines Junction,100,CA,1573183214,98,60.75,-137.51,32.94,1.68
High Level,90,CA,1573183224,92,58.52,-117.13,15.8,2.91
Nioro,0,GM,1573183234,26,13.79,-15.05,79.77,4.16
Chuy,0,UY,1573183244,85,-33.69,-53.46,61.79,6.06
Arinos,4,BR,1573183255,68,-15.92,-46.11,74.79,1.83
Vostok,98,RU,1573183265,70,46.45,135.83,17.67,8.97
Ayan,0,IR,1573183275,53,38.23,44.7,31.5,0.87
Matay,0,EG,1573183285,87,28.42,30.79,61.23,4.09
Roebourne,20,AU,1573183058,5,-20.77,117.15,105.53,3.29
Souillac,94,FR,1573183315,93,45.6,-0.6,44.6,12.75
Chicama,40,PE,1573183325,82,-7.84,-79.15,62.6,8.05
Dodola,0,BF,1573183335,70,10.12,-3.28,75.79,3.76
Port-Gentil,100,GA,1573183345,83,-0.72,8.78,80.04,8.25
Pampa,90,US,1573183355,41,35.54,-100.96,39.2,4.85
Tignere,100,CM,1573183365,58,7.37,12.65,68.34,2.39
Airai,1,TL,1573183375,38,-8.93,125.41,85.24,9.44
Severo-Yeniseyskiy,100,RU,1573183385,91,60.37,93.04,31.69,15.52
Rafaela,0,AR,1573183395,67,-31.25,-61.49,65.08,7.23
Cidreira,2,BR,1573183406,90,-30.17,-50.22,68.52,14.81
Teknaf,100,BD,1573183416,95,20.86,92.31,75.22,2.15
Maldonado,20,UY,1573183426,82,-34.91,-54.96,59.0,10.29
Roald,1,NO,1573183436,86,62.58,6.12,28.4,5.82
Iwanai,100,JP,1573183446,84,42.97,140.51,33.39,14.65
Ayna,0,ES,1573183476,81,38.55,-2.07,42.8,23.04
Kamaishi,75,JP,1573183486,66,39.28,141.86,48.2,5.82
Alenquer,7,BR,1573183506,94,-1.95,-54.74,77.0,4.7
Bandarbeyla,0,SO,1573183516,65,9.49,50.81,80.82,5.77
Ponta do Sol,100,BR,1573183526,89,-20.63,-46.0,70.02,3.74
Thompson,75,CA,1573183536,84,55.74,-97.86,8.6,3.36
Faya,0,SA,1573183547,54,18.39,42.45,57.2,1.77
Mapiripan,100,CO,1573183557,96,2.89,-72.13,73.38,2.89
Salas,33,PE,1573183567,77,-6.27,-79.61,64.4,11.41
Bathurst,48,AU,1573183490,38,-33.42,149.58,67.41,26.08
Bambous Virieux,40,MU,1573183587,69,-20.34,57.76,77.0,14.99
Brae,4,GB,1573183597,86,60.4,-1.35,37.4,10.29
Bhadrachalam,100,IN,1573183607,81,17.67,80.89,71.89,4.03
Agar,11,IN,1573183617,75,23.71,76.02,73.38,4.72
Labuhan,26,ID,1573183637,43,-2.54,115.51,94.3,2.59
Alice Springs,0,AU,1573183647,11,-23.7,133.88,89.6,8.05
Foam Lake,98,CA,1573183657,87,51.65,-103.53,9.25,9.42
Shahr-e Babak,32,IR,1573183667,29,30.12,55.12,50.22,10.83
Yermakovskoye,1,RU,1573183687,83,53.28,92.4,32.31,4.81
Brewster,90,US,1573183698,93,41.76,-70.08,50.0,5.82
Leningradskiy,7,RU,1573183708,85,69.38,178.42,19.15,18.59
Tessalit,0,ML,1573183718,20,20.2,1.01,75.16,6.29
Takaungu,75,KE,1573183728,88,-3.68,39.86,77.0,3.36
West Wendover,90,US,1573183738,55,40.74,-114.07,39.2,0.09
Malinovoye Ozero,100,RU,1573183748,46,51.68,79.77,38.26,20.33
Opatija,20,HR,1573183758,100,45.33,14.3,57.2,2.53
Tigil,100,RU,1573183768,62,57.8,158.67,37.08,15.68
Saint-Georges,97,CA,1573183778,95,46.12,-70.67,22.98,4.63
Victor Harbor,20,AU,1573183788,41,-35.55,138.62,60.8,21.92
Komsomolskiy,100,RU,1573183798,97,67.55,63.78,0.81,4.29
Nan,20,TH,1573183808,65,18.78,100.78,82.4,3.36
Bhadasar,0,IN,1573183818,49,28.3,74.31,70.65,12.28
Mbini,40,GQ,1573183838,100,1.58,9.62,77.0,4.68
Mayo,90,CA,1573183849,85,63.59,-135.9,15.8,4.16
Westport,90,US,1573183836,82,41.14,-73.36,44.6,4.7
Quelimane,0,MZ,1573183879,83,-17.88,36.89,77.0,3.36
La Baule-Escoublac,90,FR,1573183889,100,47.28,-2.4,41.0,6.93
Luchegorsk,100,RU,1573183899,81,46.44,134.3,23.45,4.94
Natal,40,BR,1573183909,83,-5.81,-35.21,78.8,3.36
Sitka,0,US,1573183919,26,37.17,-99.65,36.05,6.44
Canutama,47,BR,1573183929,97,-6.53,-64.38,73.81,1.41
Collingwood,90,CA,1573183939,92,44.5,-80.22,24.8,2.24
Najran,0,SA,1573183949,44,17.54,44.22,60.8,2.15
Dingle,5,PH,1573183959,73,11.0,122.67,84.27,14.85
Martapura,20,ID,1573183969,46,-3.41,114.85,91.4,4.7
Barentu,0,ER,1573183979,46,15.11,37.59,76.3,5.14
Laguna,40,BZ,1573183989,94,16.17,-88.94,78.8,1.68
Kalmunai,58,LK,1573183999,77,7.42,81.82,79.93,4.43
Prince Rupert,90,CA,1573183807,87,54.32,-130.32,51.8,18.34
Fillan,40,NO,1573184020,85,63.6,8.98,23.0,6.93
Xixiang,0,CN,1573184030,41,22.58,113.87,77.0,15.66
Lewistown,1,US,1573184040,73,40.39,-90.15,24.8,6.93
Srednekolymsk,5,RU,1573184050,94,67.46,153.71,0.18,2.42
Harper,90,US,1573184060,93,30.3,-99.24,41.0,13.87
Havre-Saint-Pierre,1,CA,1573184070,73,50.23,-63.6,21.2,6.93
Zalantun,0,CN,1573184080,32,48.0,122.72,31.33,9.26
Atar,1,MR,1573184090,30,20.52,-13.05,67.59,4.59
Arlit,0,NE,1573183961,14,18.74,7.39,80.92,8.37
Verkhnevilyuysk,0,RU,1573184110,83,63.45,120.31,-4.17,2.57
Sursk,100,RU,1573184120,88,53.07,45.69,43.68,8.39
Salta,40,AR,1573184130,88,-24.79,-65.41,73.4,3.36
Xintai,0,CN,1573184140,49,35.91,117.76,54.07,6.49
Hovd,20,NO,1573184150,85,63.83,10.7,23.0,6.93
Lavrentiya,0,RU,1573184160,75,65.58,-170.99,27.95,15.88
Kununurra,81,AU,1573184170,22,-15.77,128.74,100.4,6.93
Visnes,48,NO,1573184181,74,59.36,5.22,30.2,9.17
Kudahuvadhoo,89,MV,1573184191,76,2.67,72.89,82.42,12.17
Goderich,100,CA,1573184201,96,43.74,-81.71,26.94,3.36
Praia,97,BR,1573184211,87,-20.25,-43.81,66.76,2.42
Hobyo,0,SO,1573184221,81,5.35,48.53,79.27,5.28
Puerto del Rosario,75,ES,1573184231,77,28.5,-13.86,69.8,21.92
Trelleborg,75,SE,1573184241,93,55.38,13.15,48.2,13.87
Sioux Lookout,90,CA,1573184251,61,50.1,-91.92,14.0,6.93
Savalou,14,BJ,1573184261,94,7.93,1.98,74.98,3.0
Cairns,38,AU,1573184271,54,-16.92,145.77,82.4,8.05
Moron,5,HT,1573184281,82,18.56,-74.26,79.93,7.23
Naze,75,NG,1573184291,94,5.43,7.07,77.0,2.42
Saint Stephen,1,US,1573184301,92,45.7,-94.27,15.8,2.21
Zlitan,0,LY,1573184311,66,32.47,14.57,64.09,8.14
Nurota,0,UZ,1573184321,80,40.56,65.69,33.8,4.7
Tricase,20,IT,1573184342,100,39.93,18.36,53.6,3.36
Boddam,75,GB,1573184362,86,57.47,-1.78,33.8,9.17
Vilhena,100,BR,1573184372,98,-12.74,-60.15,69.57,1.88
Xuanhua,0,CN,1573184392,26,40.61,115.04,46.92,3.74
Necochea,0,AR,1573184402,73,-38.55,-58.74,46.38,3.78
Zhangye,67,CN,1573184412,52,38.94,100.46,45.37,0.47
Bonavista,56,CA,1573184422,69,48.65,-53.11,37.04,20.07
Phan Thiet,100,VN,1573184432,67,10.93,108.1,83.23,0.45
Sayville,90,US,1573184442,93,40.74,-73.08,44.6,12.75
Kabare,100,RW,1573184452,77,-1.65,29.38,52.43,2.19
Lubao,100,CD,1573184462,96,-5.39,25.75,68.83,1.66
Port Macquarie,0,AU,1573184326,9,-31.43,152.91,91.4,14.99
Lufilufi,75,WS,1573184483,62,-13.87,-171.6,89.6,13.87
Nome,90,US,1573184493,94,30.04,-94.42,68.0,8.05
Istok,90,PL,1573184513,100,52.66,23.48,46.4,5.03
Rio Gallegos,20,AR,1573184523,70,-51.62,-69.22,37.4,17.22
Saint-Paul,78,FR,1573184533,93,45.22,1.9,39.2,6.93
Sao Jose da Coroa Grande,80,BR,1573184543,76,-8.9,-35.15,78.66,11.18
Mitsamiouli,33,KM,1573184553,83,-11.38,43.28,79.48,7.02
Henties Bay,51,NA,1573184563,91,-22.12,14.28,55.22,2.26
Changji,0,CN,1573184573,55,32.07,116.17,64.47,7.14
Payyannur,40,IN,1573184583,94,12.1,75.2,80.6,3.36
Sur,0,OM,1573184593,68,22.57,59.53,73.74,1.99
Dindori,75,IN,1573184603,52,22.94,81.08,68.95,2.82
Coquimbo,0,CL,1573184613,87,-29.95,-71.34,57.2,8.05
Lorengau,100,PG,1573184623,80,-2.02,147.27,81.84,10.83
Camopi,55,GF,1573184634,87,3.17,-52.33,72.91,2.62
Cardoso,76,BR,1573184644,73,-20.08,-49.91,77.27,6.55
Kirkwall,2,GB,1573184654,66,58.98,-2.96,41.0,12.75
Mutoko,71,ZW,1573184664,66,-17.4,32.23,63.12,2.35
Terekli-Mekteb,0,RU,1573184674,95,44.16,45.87,48.99,7.92
Iquitos,22,PE,1573184652,94,-3.75,-73.25,73.4,2.24
Mocuba,0,MZ,1573184704,70,-16.84,36.99,75.56,4.21
Jetpur,0,IN,1573184714,71,21.75,70.62,77.76,7.4
Saulkrasti,90,LV,1573184724,100,57.26,24.42,41.0,5.82
Heishan,0,CN,1573184734,25,41.69,122.12,50.68,4.16
Abu Dhabi,0,AE,1573184744,69,24.47,54.37,77.0,2.24
San Policarpo,0,PH,1573184754,68,12.18,125.51,85.08,7.34
Salvador,20,BR,1573184712,74,-12.98,-38.48,80.6,9.17
Chifeng,0,CN,1573184545,30,42.27,118.96,48.04,8.84
Kirakira,100,SB,1573184709,82,-10.46,161.92,80.94,2.57
Rocha,1,UY,1573184716,91,-34.48,-54.34,55.26,6.15
Port Keats,92,AU,1573184804,49,-14.25,129.55,91.83,12.3
Deputatskiy,75,RU,1573184815,93,69.3,139.9,-7.12,2.77
Comodoro Rivadavia,56,AR,1573184713,37,-45.87,-67.48,55.4,12.75
The Pas,90,CA,1573184678,72,53.82,-101.24,12.2,5.82
Inhambane,0,MZ,1573184812,85,-23.87,35.38,76.62,11.63
Bonfim,22,GY,1573184855,68,3.36,-59.84,81.55,6.64
Zeliezovce,1,SK,1573184865,95,48.05,18.65,45.14,10.13
Hargeysa,0,SO,1573184875,80,9.56,44.06,64.89,1.72
Burnie,57,AU,1573184885,50,-41.05,145.91,54.95,15.32
Gorontalo,45,ID,1573184834,56,0.54,123.06,86.88,6.38
Alofi,75,NU,1573184690,88,-19.06,-169.92,77.0,5.82
Honiara,75,SB,1573184925,70,-9.43,159.96,87.8,4.7
Tucurui,36,BR,1573184935,80,-3.77,-49.67,78.6,2.8
Nanortalik,100,GL,1573184694,73,60.14,-45.24,34.9,13.4
Astoria,1,US,1573184796,81,46.19,-123.83,48.2,4.43
Lumberton,90,US,1573184965,94,30.27,-94.2,68.0,8.05
Warrington,86,GB,1573184975,75,53.39,-2.59,44.6,11.41
Monroe,40,US,1573184985,46,41.91,-83.4,30.2,6.93
Chapais,90,CA,1573184693,92,49.78,-74.86,21.2,5.82
Macapa,0,BR,1573185016,94,0.05,-51.07,82.4,8.05
Ambulu,0,ID,1573185026,83,-8.35,113.61,77.45,6.08
Keetmanshoop,31,NA,1573184816,15,-26.57,18.15,66.2,8.05
Lensk,0,RU,1573185046,83,60.71,114.91,3.31,3.13
Troitskoye,100,RU,1573185066,50,52.98,84.68,36.91,17.05
Ixtapa,75,MX,1573184701,83,20.71,-105.21,82.4,2.53
Bay Roberts,75,CA,1573184717,69,47.58,-53.28,37.4,13.87
Torrington,1,US,1573185099,80,42.06,-104.18,33.8,6.93
Kargopol,56,RU,1573185119,93,61.51,38.95,11.16,4.03
Carlyle,75,CA,1573185129,78,49.63,-102.27,14.0,5.82
Rapid Valley,1,US,1573185139,54,44.06,-103.15,32.0,7.4
Duluth,90,US,1573185005,67,46.77,-92.13,17.6,4.7
Cayenne,20,GF,1573184710,94,4.94,-52.33,77.0,6.38
Genhe,0,CN,1573185179,46,50.78,121.52,19.99,8.99
Bloemhof,41,ZA,1573185189,14,-27.65,25.61,58.59,6.24
Hun,0,BE,1573185199,86,50.34,4.87,39.2,3.36
Assiniboia,32,CA,1573184851,71,49.63,-105.99,19.67,8.1
Antofagasta,90,CL,1573184829,77,-23.65,-70.4,60.8,4.7
La Sarre,100,CA,1573185230,92,48.8,-79.2,16.81,7.38
Innisfail,11,AU,1573185240,54,-17.52,146.03,80.83,9.17
Guanica,0,PR,1573185250,81,17.97,-66.91,76.84,4.59
Qarqin,0,AF,1573185260,44,37.41,66.03,48.69,2.82
Mayumba,99,GA,1573184836,78,-3.44,10.65,80.94,1.79
Yerbogachen,100,RU,1573184851,92,61.28,108.01,11.84,9.82
Boende,97,CD,1573184719,93,-0.28,20.88,71.02,1.52
Los Llanos de Aridane,75,ES,1573185310,77,28.66,-17.92,68.0,14.99
Beloha,0,MG,1573185330,53,-25.17,45.06,74.77,7.0
Belaya Gora,8,RU,1573184656,98,68.54,146.19,-7.07,2.53
Moranbah,0,AU,1573185350,13,-22.0,148.04,94.84,10.07
Vaitape,4,PF,1573185360,81,-16.52,-151.75,80.46,19.86
Evensk,97,RU,1573185380,80,61.92,159.24,28.36,9.17
Manono,100,CD,1573185391,94,-7.3,27.4,67.73,1.25
Angoche,73,MZ,1573185401,81,-16.23,39.91,75.74,4.47
Petropavlovsk-Kamchatskiy,90,RU,1573185322,100,53.05,158.65,41.0,29.08
Kang,100,BW,1573185421,15,-23.67,22.79,75.15,12.3
Zheleznodorozhnyy,90,RU,1573185373,93,55.75,38.0,39.2,6.71
Blackwater,0,GB,1573185441,100,51.33,-0.78,35.6,1.12
Mecca,0,SA,1573185383,71,21.43,39.83,76.6,0.81
Bria,6,CF,1573185485,94,6.54,21.99,67.98,0.81
Peace River,90,CA,1573185415,86,56.23,-117.29,26.6,2.24
Atasu,100,KZ,1573185515,62,48.68,71.64,29.19,13.06
Yumen,90,CN,1573185525,33,40.29,97.04,45.77,16.02
Vanavara,100,RU,1573185369,94,60.35,102.28,28.45,10.04
Barras,7,BR,1573185545,84,-4.24,-42.29,76.19,3.98
Bubaque,0,GW,1573185554,71,11.28,-15.83,83.07,10.92
Dukat,100,AL,1573185376,73,40.25,19.57,68.85,24.23
Corinto,40,CO,1573185585,73,3.17,-76.26,75.2,10.29
Evanston,1,US,1573185549,57,42.04,-87.69,24.8,6.93
El Paso,1,US,1573185464,62,31.76,-106.49,53.6,8.05
Grand Gaube,40,MU,1573185361,69,-20.01,57.66,77.0,14.99
Galveston,1,US,1573185626,62,40.58,-86.19,24.8,6.93
Yining,0,CN,1573185636,44,29.04,114.56,67.77,2.98
Ngunguru,8,NZ,1573185646,90,-35.62,174.5,64.99,13.73
Inta,100,RU,1573185657,96,66.04,60.13,4.89,6.44
Pithoragarh,84,IN,1573185488,62,29.59,80.22,57.09,2.3
Kaliua,100,TZ,1573185678,76,-5.06,31.79,67.8,4.63
Kedrovyy,40,RU,1573185688,59,56.17,91.82,37.4,13.42
Nabire,98,ID,1573185698,46,-3.36,135.5,91.58,4.5
Felanitx,40,ES,1573185708,87,39.47,3.15,51.8,3.36
Havelock,75,US,1573185718,88,34.88,-76.9,66.2,5.82
Veinticinco de Mayo,0,AR,1573185729,97,-27.38,-54.75,70.36,1.19
Aldan,75,RU,1573185739,88,58.61,125.39,-4.6,2.86
Marienburg,100,DE,1573185368,86,52.12,9.98,41.0,3.36
Fort-Shevchenko,0,KZ,1573185769,60,44.51,50.26,46.49,9.13
Mahenge,67,TZ,1573185789,88,-8.68,36.72,72.3,3.85
Neuquen,42,AR,1573185792,50,-38.95,-68.06,55.4,4.29
Cabedelo,75,BR,1573185809,83,-6.97,-34.84,77.0,5.82
Xichang,70,CN,1573185819,77,27.88,102.25,50.43,4.14
Okha,100,RU,1573185829,71,53.59,142.95,24.78,18.9
Wajir,98,KE,1573185839,77,1.75,40.07,78.06,14.34
Sembakung,40,ID,1573185849,74,3.82,117.25,84.2,6.93
Yafran,0,LY,1573185859,61,32.06,12.53,54.25,5.57
Solnechnyy,88,RU,1573185869,51,50.72,136.64,17.37,3.83
Idrinskoye,93,RU,1573185890,80,54.37,92.14,28.81,4.25
Kenai,90,US,1573185796,87,60.55,-151.26,42.8,14.99
Fortuna,90,US,1573185368,100,40.6,-124.16,48.2,6.93
Pringsewu,8,ID,1573185921,52,-5.36,104.98,85.41,6.17
Lata,10,IN,1573185931,76,30.78,78.62,26.19,5.61
Channel-Port aux Basques,100,CA,1573185941,84,47.57,-59.14,46.02,29.48
Upata,98,VE,1573185951,96,8.02,-62.41,71.08,3.4
Patacamaya,57,BO,1573185961,86,-17.23,-67.92,44.98,5.12
Brigantine,90,US,1573185971,87,39.41,-74.36,51.8,10.29
Samarai,100,PG,1573185981,68,-10.62,150.67,85.33,7.58
Mandalgovi,0,MN,1573185991,40,45.76,106.27,38.71,8.05
Halberstadt,99,DE,1573186002,88,51.89,11.06,40.06,3.2
Wanlaweyn,92,SO,1573186012,85,2.62,44.89,77.29,5.17
Del Rio,90,US,1573186015,76,29.36,-100.9,48.2,11.41
Nouakchott,38,MR,1573186042,82,18.08,-15.98,66.2,9.17
Inirida,73,CO,1573186052,96,3.87,-67.92,74.17,1.52
Suez,0,EG,1573186062,46,29.97,32.54,70.59,6.11
Abu Samrah,0,SY,1573186072,47,35.3,37.18,62.42,5.93
Damghan,0,IR,1573186082,49,36.17,54.34,47.01,4.03
Itoman,40,JP,1573186092,54,26.12,127.67,78.8,18.34
